{"totalGroupWorkoutDuration":8888.248646855354,"groupWorkoutStartDates":[735948823.706662,735875066.0908858,736119110.918846,735697294.970534,735783180.4375614],"groupWorkoutEndDates":[735950732.258782,735875959.766954,736121031.557793,735699122.132192,735785518.657415],"totalGroupWorkoutCaloriesBurntWithUnit":"1,149KCAL","totalGroupWorkoutCaloriesBurnt":1149,"averageGroupHeartRateBPM":0,"numberOfWorkouts":5}